<wpml-config>
    <custom-types>
        <custom-type translate="1">property</custom-type>
        <custom-type translate="1">agent</custom-type>
        <custom-type translate="1">agency</custom-type>
        <custom-type translate="1">partners</custom-type>
        <custom-type translate="1">slide</custom-type>
    </custom-types>
    <taxonomies>
        <taxonomy translate="1">property-feature</taxonomy>
        <taxonomy translate="1">property-type</taxonomy>
        <taxonomy translate="1">property-city</taxonomy>
        <taxonomy translate="1">property-status</taxonomy>
        <taxonomy translate="1">agent-location</taxonomy>
        <taxonomy translate="1">agency-location</taxonomy>
    </taxonomies>
    <shortcodes>
        <shortcode>
            <tag>properties</tag>
            <attributes>
                <attribute>count</attribute>
                <attribute>layout</attribute>
                <attribute>orderby</attribute>
                <attribute>order</attribute>
                <attribute>locations</attribute>
                <attribute>statuses</attribute>
                <attribute>types</attribute>
                <attribute>features</attribute>
                <attribute>relation</attribute>
                <attribute>min_beds</attribute>
                <attribute>max_beds</attribute>
                <attribute>min_baths</attribute>
                <attribute>max_baths</attribute>
                <attribute>min_price</attribute>
                <attribute>max_price</attribute>
                <attribute>min_area</attribute>
                <attribute>max_area</attribute>
                <attribute>featured</attribute>
                <attribute>agent</attribute>
            </attributes>
        </shortcode>
    </shortcodes>
    <custom-fields>
        <custom-field action="translate">_thumbnail_id</custom-field>
        <custom-field action="translate">REAL_HOMES_embed_code</custom-field>
        <custom-field action="copy">REAL_HOMES_gallery</custom-field>
        <custom-field action="translate">REAL_HOMES_gallery_slider_type</custom-field>
        <custom-field action="copy" type="post-ids" sub-type="attachment">REAL_HOMES_property_images</custom-field>
        <custom-field action="translate">REAL_HOMES_property_price</custom-field>
        <custom-field action="translate">REAL_HOMES_property_old_price</custom-field>
        <custom-field action="translate">REAL_HOMES_property_price_postfix</custom-field>
        <custom-field action="translate">REAL_HOMES_property_price_prefix</custom-field>
        <custom-field action="translate">REAL_HOMES_property_size</custom-field>
        <custom-field action="translate">REAL_HOMES_property_size_postfix</custom-field>
        <custom-field action="copy">REAL_HOMES_property_bedrooms</custom-field>
        <custom-field action="copy">REAL_HOMES_property_bathrooms</custom-field>
        <custom-field action="copy">REAL_HOMES_property_garage</custom-field>
        <custom-field action="translate">REAL_HOMES_property_id</custom-field>
        <custom-field action="translate">REAL_HOMES_property_address</custom-field>
        <custom-field action="translate">REAL_HOMES_property_location</custom-field>
        <custom-field action="translate">REAL_HOMES_featured</custom-field>
        <custom-field action="copy">REAL_HOMES_add_in_slider</custom-field>
        <custom-field action="copy">REAL_HOMES_slider_image</custom-field>
        <custom-field action="translate">REAL_HOMES_agent_display_option</custom-field>
        <custom-field action="copy">REAL_HOMES_agents</custom-field>
        <custom-field action="translate">REAL_HOMES_attachments</custom-field>
        <custom-field action="translate">REAL_HOMES_property_private_note</custom-field>
        <custom-field action="translate">REAL_HOMES_detail_titles</custom-field>
        <custom-field action="translate">REAL_HOMES_detail_values</custom-field>
        <custom-field action="translate">REAL_HOMES_partner_url</custom-field>
        <custom-field action="translate">REAL_HOMES_agent_email</custom-field>
        <custom-field action="translate">REAL_HOMES_mobile_number</custom-field>
        <custom-field action="translate">REAL_HOMES_office_number</custom-field>
        <custom-field action="translate">REAL_HOMES_whatsapp_number</custom-field>
        <custom-field action="translate">REAL_HOMES_fax_number</custom-field>
        <custom-field action="translate">REAL_HOMES_address</custom-field>
        <custom-field action="translate">REAL_HOMES_website</custom-field>
        <custom-field action="translate">REAL_HOMES_facebook_url</custom-field>
        <custom-field action="translate">REAL_HOMES_twitter_url</custom-field>
        <custom-field action="translate">REAL_HOMES_linked_in_url</custom-field>
        <custom-field action="translate">REAL_HOMES_banner_title</custom-field>
        <custom-field action="translate">REAL_HOMES_banner_sub_title</custom-field>
        <custom-field action="translate">REAL_HOMES_page_banner_image</custom-field>
        <custom-field action="translate">REAL_HOMES_rev_slider_alias</custom-field>
        <custom-field action="translate">slide_sub_text</custom-field>
        <custom-field action="translate">REAL_HOMES_slide_url</custom-field>
        <custom-field action="translate">inspiry_home_sections_order_default</custom-field>
        <custom-field action="translate">inspiry_home_sections_order</custom-field>
        <custom-field action="translate">inspiry_home_sections_order_mod</custom-field>
        <custom-field action="translate">theme_homepage_module</custom-field>
        <custom-field action="translate">theme_number_of_slides</custom-field>
        <custom-field action="translate">inspiry_home_search_bg_img</custom-field>
        <custom-field action="translate">inspiry_home_search_bg_video</custom-field>
        <custom-field action="translate">inspiry_SFOI_overlay_color</custom-field>
        <custom-field action="translate">inspiry_SFOI_overlay_opacity</custom-field>
        <custom-field action="translate">inspiry_SFOI_title</custom-field>
        <custom-field action="translate">inspiry_SFOI_title_color</custom-field>
        <custom-field action="translate">inspiry_SFOI_description</custom-field>
        <custom-field action="translate">inspiry_SFOI_description_color</custom-field>
        <custom-field action="translate">inspiry_home_map_type</custom-field>
        <custom-field action="translate">theme_rev_alias</custom-field>
        <custom-field action="translate">theme_number_custom_slides</custom-field>
        <custom-field action="translate">theme_show_home_search</custom-field>
        <custom-field action="translate">inspiry_enable_search_label_image</custom-field>
        <custom-field action="translate">inspiry_search_label_text</custom-field>
        <custom-field action="translate">theme_show_home_contents</custom-field>
        <custom-field action="translate">theme_slogan_title</custom-field>
        <custom-field action="translate">theme_slogan_text</custom-field>
        <custom-field action="translate">theme_show_home_properties</custom-field>
        <custom-field action="translate">inspiry_home_properties_sub_title</custom-field>
        <custom-field action="translate">inspiry_home_properties_title</custom-field>
        <custom-field action="translate">inspiry_home_properties_desc</custom-field>
        <custom-field action="translate">theme_home_properties</custom-field>
        <custom-field action="translate">theme_cities_for_homepage</custom-field>
        <custom-field action="translate">theme_statuses_for_homepage</custom-field>
        <custom-field action="translate">theme_types_for_homepage</custom-field>
        <custom-field action="translate">theme_sorty_by</custom-field>
        <custom-field action="translate">theme_properties_on_home</custom-field>
        <custom-field action="translate">inspiry_home_skip_sticky</custom-field>
        <custom-field action="translate">theme_ajax_pagination_home</custom-field>
        <custom-field action="translate">inspiry_show_features_section</custom-field>
        <custom-field action="translate">inspiry_features_background_image</custom-field>
        <custom-field action="translate">inspiry_features_section_title</custom-field>
        <custom-field action="translate">inspiry_features_section_desc</custom-field>
        <custom-field action="translate">inspiry_show_home_features</custom-field>
        <custom-field action="translate">inspiry_home_features_sub_title</custom-field>
        <custom-field action="translate">inspiry_home_features_title</custom-field>
        <custom-field action="translate">inspiry_home_features_desc</custom-field>
        <custom-field action="translate">theme_show_featured_properties</custom-field>
        <custom-field action="translate">inspiry_featured_prop_sub_title</custom-field>
        <custom-field action="translate">theme_featured_prop_title</custom-field>
        <custom-field action="translate">theme_featured_prop_text</custom-field>
        <custom-field action="translate">theme_exclude_featured_properties</custom-field>
        <custom-field action="translate">inspiry_featured_properties_exclude_status</custom-field>
        <custom-field action="translate">inspiry_featured_properties_variation</custom-field>
        <custom-field action="translate">inspiry_show_testimonial</custom-field>
        <custom-field action="translate">inspiry_testimonial_text</custom-field>
        <custom-field action="translate">inspiry_testimonial_name</custom-field>
        <custom-field action="translate">inspiry_testimonial_url</custom-field>
        <custom-field action="translate">inspiry_show_cta</custom-field>
        <custom-field action="translate">inspiry_cta_background_image</custom-field>
        <custom-field action="translate">inspiry_cta_title</custom-field>
        <custom-field action="translate">inspiry_cta_desc</custom-field>
        <custom-field action="translate">inspiry_cta_btn_one_title</custom-field>
        <custom-field action="translate">inspiry_cta_btn_one_url</custom-field>
        <custom-field action="translate">inspiry_cta_btn_two_title</custom-field>
        <custom-field action="translate">inspiry_cta_btn_two_url</custom-field>
        <custom-field action="translate">inspiry_show_agents</custom-field>
        <custom-field action="translate">inspiry_home_agents_sub_title</custom-field>
        <custom-field action="translate">inspiry_home_agents_title</custom-field>
        <custom-field action="translate">inspiry_home_agents_desc</custom-field>
        <custom-field action="translate">inspiry_agents_on_home</custom-field>
        <custom-field action="translate">inspiry_show_home_partners</custom-field>
        <custom-field action="translate">inspiry_home_partners_sub_title</custom-field>
        <custom-field action="translate">inspiry_home_partners_title</custom-field>
        <custom-field action="translate">inspiry_home_partners_desc</custom-field>
        <custom-field action="translate">inpsiry_modern_partners_variation</custom-field>
        <custom-field action="translate">inspiry_home_partners_to_show</custom-field>
        <custom-field action="translate">theme_show_news_posts</custom-field>
        <custom-field action="translate">theme_news_posts_title</custom-field>
        <custom-field action="translate">theme_news_posts_text</custom-field>
        <custom-field action="translate">inspiry_show_home_news_modern</custom-field>
        <custom-field action="translate">inspiry_home_news_sub_title</custom-field>
        <custom-field action="translate">inspiry_home_news_title</custom-field>
        <custom-field action="translate">inspiry_home_news_desc</custom-field>
        <custom-field action="translate">inspiry_show_home_cta_contact</custom-field>
        <custom-field action="translate">inspiry_home_cta_contact_bg_image</custom-field>
        <custom-field action="translate">inspiry_home_cta_contact_title</custom-field>
        <custom-field action="translate">inspiry_home_cta_contact_desc</custom-field>
        <custom-field action="translate">inspiry_cta_contact_btn_one_title</custom-field>
        <custom-field action="translate">inspiry_cta_contact_btn_one_url</custom-field>
        <custom-field action="translate">inspiry_cta_contact_btn_two_title</custom-field>
        <custom-field action="translate">inspiry_cta_contact_btn_two_url</custom-field>
        <custom-field action="translate">inspiry_home_sections_border</custom-field>
    </custom-fields>
    <admin-texts>
        <key name="theme_sitelogo"/>
        <key name="theme_sitelogo_retina"/>
        <key name="theme_sitelogo_mobile"/>
        <key name="theme_sitelogo_retina_mobile"/>
        <key name="theme_general_banner_image"/>
        <key name="theme_banner_titles"/>
        <key name="theme_search_url"/>
        <key name="inspiry_search_page"/>
        <key name="inspiry_search_results_page_layout"/>
        <key name="theme_properties_on_search"/>
        <key name="inspiry_search_exclude_status"/>
        <key name="inspiry_search_template_no_result_text"/>
        <key name="inspiry_compare_page"/>
        <key name="theme_header_email"/>
        <key name="theme_header_phone"/>
        <key name="theme_home_advance_search_title"/>
        <key name="inspiry_keyword_label"/>
        <key name="inspiry_keyword_placeholder_text"/>
        <key name="inspiry_property_id_label"/>
        <key name="inspiry_property_id_placeholder_text"/>
        <key name="inspiry_property_status_label"/>
        <key name="inspiry_property_type_label"/>
        <key name="inspiry_agent_field_label"/>
        <key name="realhomes_agent_whatsapp_button_label"/>
        <key name="realhomes_agent_callnow_button_label"/>
        <key name="inspiry_property_agent_placeholder"/>
        <key name="realhomes_agent_form_default_message"/>
        <key name="realhomes_agent_keyword_placeholder"/>
        <key name="realhomes_agent_number_of_properties_placeholder"/>
        <key name="realhomes_agent_locations_placeholder"/>
        <key name="realhomes_agent_verified_placeholder"/>
        <key name="theme_location_select_number"/>
        <key name="theme_location_title_1"/>
        <key name="theme_location_title_2"/>
        <key name="theme_location_title_3"/>
        <key name="theme_location_title_4"/>
        <key name="inspiry_min_beds_label"/>
        <key name="inspiry_min_beds"/>
        <key name="inspiry_min_baths_label"/>
        <key name="inspiry_min_baths"/>
        <key name="inspiry_min_area_label"/>
        <key name="inspiry_min_area_placeholder_text"/>
        <key name="inspiry_max_area_label"/>
        <key name="inspiry_max_area_placeholder_text"/>
        <key name="inspiry_min_garages_label"/>
        <key name="inspiry_min_garages"/>
        <key name="theme_area_unit"/>
        <key name="inspiry_any_text"/>
        <key name="inspiry_search_button_text"/>
        <key name="inspiry_search_features_title"/>
        <key name="inspiry_search_label_text"/>
        <key name="inspiry_home_search_bg_img"/>
        <key name="inspiry_enable_search_label_image"/>
        <key name="theme_slogan_title"/>
        <key name="theme_slogan_text"/>
        <key name="theme_news_posts_title"/>
        <key name="theme_news_posts_text"/>
        <key name="theme_featured_prop_title"/>
        <key name="theme_featured_prop_text"/>
        <key name="theme_additional_details_title"/>
        <key name="theme_common_note_title"/>
        <key name="theme_common_note"/>
        <key name="theme_property_features_title"/>
        <key name="inspiry_featured_prop_sub_title"/>
        <key name="theme_property_video_title"/>
        <key name="theme_property_map_title"/>
        <key name="inspiry_property_map_zoom"/>
        <key name="theme_property_attachments_title"/>
        <key name="theme_child_properties_title"/>
        <key name="theme_similar_properties_title"/>
        <key name="inspiry_similar_properties_frontend_filters"/>
        <key name="inspiry_similar_properties_filters"/>
        <key name="theme_news_banner_title"/>
        <key name="theme_news_banner_sub_title"/>
        <key name="theme_gallery_banner_title"/>
        <key name="theme_gallery_banner_sub_title"/>
        <key name="theme_currency_sign"/>
        <key name="theme_currency_position"/>
        <key name="theme_decimals"/>
        <key name="theme_dec_point"/>
        <key name="theme_thousands_sep"/>
        <key name="theme_no_price_text"/>
        <key name="inspiry_min_price_label"/>
        <key name="inspiry_min_price_placeholder"/>
        <key name="inspiry_max_price_label"/>
        <key name="theme_minimum_price_values"/>
        <key name="theme_maximum_price_values"/>
        <key name="theme_minimum_price_values_for_rent"/>
        <key name="theme_maximum_price_values_for_rent"/>
        <key name="theme_status_for_rent"/>
        <key name="theme_message_copy_email"/>
        <key name="theme_map_lati"/>
        <key name="theme_map_longi"/>
        <key name="theme_map_zoom"/>
        <key name="theme_contact_details_title"/>
        <key name="theme_contact_address"/>
        <key name="theme_contact_cell"/>
        <key name="theme_contact_phone"/>
        <key name="theme_contact_fax"/>
        <key name="theme_contact_display_email"/>
        <key name="theme_contact_form_heading"/>
        <key name="theme_contact_email"/>
        <key name="theme_contact_cc_email"/>
        <key name="theme_contact_bcc_email"/>
        <key name="theme_partners_title"/>
        <key name="inspiry_footer_partners_to_show"/>
        <key name="inspiry_copyright_text_display"/>
        <key name="theme_copyright_text"/>
        <key name="theme_designed_by_text"/>
        <key name="theme_login_url"/>
        <key name="inspiry_login_register_page"/>
        <key name="theme_profile_url"/>
        <key name="theme_submit_url"/>
        <key name="inspiry_updated_property_status"/>
        <key name="theme_submit_default_address"/>
        <key name="theme_submit_default_location"/>
        <key name="inspiry_submit_property_terms_text"/>
        <key name="realhomes_submit_property_title_label"/>
        <key name="realhomes_submit_property_address_label"/>
        <key name="realhomes_submit_property_find_address_label"/>
        <key name="realhomes_submit_property_description_label"/>
        <key name="realhomes_submit_property_price_label"/>
        <key name="realhomes_submit_property_old_price_label"/>
        <key name="realhomes_submit_property_price_prefix_label"/>
        <key name="realhomes_submit_property_price_postfix_label"/>
        <key name="realhomes_submit_property_id_label"/>
        <key name="realhomes_submit_property_parent_property_label"/>
        <key name="realhomes_submit_property_type_label"/>
        <key name="realhomes_submit_property_status_label"/>
        <key name="realhomes_submit_property_bedroom_label"/>
        <key name="realhomes_submit_property_bathroom_label"/>
        <key name="realhomes_submit_property_garage_label"/>
        <key name="realhomes_submit_property_area_label"/>
        <key name="realhomes_submit_property_area_postfix_label"/>
        <key name="realhomes_submit_property_lot_size_label"/>
        <key name="realhomes_submit_property_lot_size_postfix_label"/>
        <key name="realhomes_submit_property_year_built_label"/>
        <key name="realhomes_submit_property_images_label"/>
        <key name="realhomes_submit_property_attachments_label"/>
        <key name="realhomes_submit_property_floor_plans_section_label"/>
        <key name="realhomes_submit_property_floor_name_label"/>
        <key name="realhomes_submit_property_floor_image_label"/>
        <key name="realhomes_submit_property_floor_description_label"/>
        <key name="realhomes_submit_property_floor_price_label"/>
        <key name="realhomes_submit_property_floor_price_postfix_label"/>
        <key name="realhomes_submit_property_floor_size_label"/>
        <key name="realhomes_submit_property_floor_size_postfix_label"/>
        <key name="realhomes_submit_property_floor_beds_label"/>
        <key name="realhomes_submit_property_virtual_tour_label"/>
        <key name="realhomes_submit_property_additional_details_label"/>
        <key name="realhomes_submit_property_features_label"/>
        <key name="realhomes_submit_property_ep_section_label"/>
        <key name="realhomes_submit_property_energy_class_label"/>
        <key name="realhomes_submit_property_energy_performance_label"/>
        <key name="realhomes_submit_property_epc_current_rating_label"/>
        <key name="realhomes_submit_property_epc_potential_rating_label"/>
        <key name="realhomes_submit_property_agent_info_label"/>
        <key name="realhomes_submit_property_agent_option_one_label"/>
        <key name="realhomes_submit_property_agent_option_two_label"/>
        <key name="realhomes_submit_property_agent_option_two_sub_label"/>
        <key name="realhomes_submit_property_agent_option_three_label"/>
        <key name="realhomes_submit_property_owner_name_label"/>
        <key name="realhomes_submit_property_owner_contact_label"/>
        <key name="realhomes_submit_property_owner_address_label"/>
        <key name="realhomes_submit_property_message_to_the_reviewer_label"/>
        <key name="inspiry_submit_property_terms_page"/>
        <key name="theme_submit_message"/>
        <key name="inspiry_property_submit_redirect_page"/>
        <key name="theme_submit_notice_email"/>
        <key name="theme_favorites_url"/>
        <key name="theme_my_properties_url"/>
        <key name="theme_footer_bg_img"/>
        <key name="theme_show_news_posts"/>
        <key name="theme_submit_button_text"/>
        <key name="inspiry_features_background_image"/>
        <key name="inspiry_features_section_title"/>
        <key name="inspiry_features_section_desc"/>
        <key name="inspiry_first_feature_image"/>
        <key name="inspiry_first_feature_title"/>
        <key name="inspiry_first_feature_desc"/>
        <key name="inspiry_first_feature_url"/>
        <key name="inspiry_second_feature_image"/>
        <key name="inspiry_second_feature_title"/>
        <key name="inspiry_second_feature_desc"/>
        <key name="inspiry_second_feature_url"/>
        <key name="inspiry_third_feature_image"/>
        <key name="inspiry_third_feature_title"/>
        <key name="inspiry_third_feature_desc"/>
        <key name="inspiry_third_feature_url"/>
        <key name="inspiry_SFOI_title"/>
        <key name="inspiry_SFOI_description"/>
        <key name="inspiry_home_properties_title"/>
        <key name="inspiry_home_properties_sub_title"/>
        <key name="inspiry_home_properties_desc"/>
        <key name="inspiry_testimonial_text"/>
        <key name="inspiry_testimonial_name"/>
        <key name="inspiry_testimonial_url"/>
        <key name="inspiry_cta_background_image"/>
        <key name="inspiry_cta_title"/>
        <key name="inspiry_cta_desc"/>
        <key name="inspiry_cta_btn_one_title"/>
        <key name="inspiry_cta_btn_one_url"/>
        <key name="inspiry_cta_btn_two_title"/>
        <key name="inspiry_cta_btn_two_url"/>
        <key name="inspiry_home_agents_title"/>
        <key name="inspiry_home_agents_sub_title"/>
        <key name="inspiry_home_agents_desc"/>
        <key name="inspiry_home_features_title"/>
        <key name="inspiry_home_features_sub_title"/>
        <key name="inspiry_home_features_desc"/>
        <key name="inspiry_home_partners_title"/>
        <key name="inspiry_home_partners_sub_title"/>
        <key name="inspiry_home_partners_desc"/>
        <key name="inspiry_home_news_sub_title"/>
        <key name="inspiry_home_news_title"/>
        <key name="inspiry_home_news_desc"/>
        <key name="inspiry_home_cta_contact_title"/>
        <key name="inspiry_home_cta_contact_desc"/>
        <key name="inspiry_home_cta_contact_bg_image"/>
        <key name="inspiry_cta_contact_btn_one_title"/>
        <key name="inspiry_cta_contact_btn_one_url"/>
        <key name="inspiry_cta_contact_btn_two_title"/>
        <key name="inspiry_cta_contact_btn_two_url"/>
        <key name="inspiry_login_register_page"/>
        <key name="inspiry_auto_property_id_pattern"/>
        <key name="inspiry_string_know_more"/>
        <key name="inspiry_gdpr_label"/>
        <key name="inspiry_gdpr_text"/>
        <key name="inspiry_gdpr_validation_text"/>
        <key name="inspiry_footer_tagline"/>
        <key name="inspiry_bedrooms_field_label"/>
        <key name="inspiry_bathrooms_field_label"/>
        <key name="inspiry_garages_field_label"/>
        <key name="inspiry_area_field_label"/>
        <key name="inspiry_year_built_field_label"/>
        <key name="inspiry_lot_size_field_label"/>
        <key name="inspiry_virtual_tour_title"/>
        <key name="inspiry_similar_properties"/>
        <key name="inspiry_prop_id_field_label"/>
        <key name="inspiry_description_property_label"/>
        <key name="inspiry_property_floor_plans_label"/>
        <key name="inspiry_share_property_label"/>
        <key name="inspiry_add_to_fav_property_label"/>
        <key name="inspiry_added_to_fav_property_label"/>
        <key name="inspiry_print_property_label"/>
        <key name="realhomes_featured_label"/>
        <key name="inspiry_property_detail_page_link_text"/>
        <key name="inspiry_location_placeholder_1"/>
        <key name="inspiry_location_placeholder_2"/>
        <key name="inspiry_location_placeholder_3"/>
        <key name="inspiry_property_type_placeholder"/>
        <key name="inspiry_property_status_placeholder"/>
        <key name="inspiry_compare_view_title"/>
        <key name="inspiry_compare_action_notification"/>
        <key name="inspiry_compare_button_text"/>
        <key name="inspiry_property_agent_label"/>
        <key name="theme_agent_detail_page_link_text"/>
        <key name="inspiry_agent_form_success_redirect_page"/>
        <key name="inspiry_min_beds_placeholder"/>
        <key name="inspiry_min_baths_placeholder"/>
        <key name="inspiry_min_garages_placeholder"/>
        <key name="inspiry_max_price_placeholder"/>
        <key name="inspiry_footer_logo"/>
        <key name="inspiry_footer_tagline"/>
        <key name="inspiry_header_email_label"/>
        <key name="theme_header_phone_icon"/>
        <key name="inspiry_header_mod_variation_option"/>
        <key name="inspiry_login_redirect_page"/>
        <key name="inspiry_login_quote_text"/>
        <key name="theme_login_modal_background"/>
        <key name="inspiry_login_quote_author"/>
        <key name="inspiry_login_text"/>
        <key name="inspiry_login_register_text"/>
        <key name="inspiry_login_forget_text"/>
        <key name="inspiry_login_user_name_label"/>
        <key name="inspiry_login_user_name_placeholder"/>
        <key name="inspiry_login_password_label"/>
        <key name="inspiry_login_password_placeholder"/>
        <key name="inspiry_login_button_text"/>
        <key name="inspiry_register_email_label"/>
        <key name="inspiry_register_email_placeholder"/>
        <key name="inspiry_register_user_role_label"/>
        <key name="inspiry_register_user_role_placeholder"/>
        <key name="inspiry_register_button_text"/>
        <key name="inspiry_restore_password_placeholder"/>
        <key name="inspiry_restore_button_text"/>
        <key name="inspiry_seasonal_prices_heading"/>
        <key name="inspiry_sp_start_date_column_label"/>
        <key name="inspiry_sp_end_date_column_label"/>
        <key name="inspiry_sp_price_column_label"/>
        <key name="inspiry_availability_calendar_title"/>
        <key name="inspiry_single_property_banner_title"/>
        <key name="inspiry_energy_performance_title"/>
        <key name="inspiry_property_views_title"/>
        <key name="inpsiry_property_video_popup_width"/>
        <key name="inspiry_property_video_popup_height"/>
        <key name="inspiry_walkscore_api_key"/>
        <key name="inspiry_property_walkscore_title"/>
        <key name="inspiry_yelp_api_key"/>
        <key name="inspiry_property_yelp_nearby_places_title"/>
        <key name="theme_custom_agency_contact_form"/>
        <key name="theme_custom_agent_contact_form"/>
        <key name="realhomes_agency_keyword_placeholder"/>
        <key name="realhomes_agency_locations_placeholder"/>
        <key name="theme_base_currency"/>
        <key name="theme_supported_currencies"/>
        <key name="theme_currency_expiry"/>
        <key name="inspiry_floating_position"/>
        <key name="inspiry_submit_max_number_images"/>
        <key name="inspiry_allowed_max_attachments"/>
        <key name="inspiry_property_additional_details"/>
        <key name="inspiry_properties_placeholder_image"/>
        <key name="inspiry_select2_no_result_string"/>
        <key name="theme_listing_excerpt_length"/>
        <key name="theme_restricted_level"/>
        <key name="inspiry_dashboard_page"/>
        <key name="inspiry_user_greeting_text"/>
        <key name="inspiry_dashboard_page_display"/>
        <key name="realhomes_dashboard_header_search"/>
        <key name="inspiry_dashboard_posts_per_page"/>
        <key name="inspiry_submit_property_module_display"/>
        <key name="inspiry_dashboard_submit_page_layout"/>
        <key name="inspiry_updated_property_status"/>
        <key name="inspiry_properties_module_display"/>
        <key name="inspiry_profile_module_display"/>
        <key name="inspiry_favorites_module_display"/>
        <key name="realhomes_dashboard_favorites_menu_label"/>
        <key name="realhomes_dashboard_favorites_page_label"/>
        <key name="realhomes_dashboard_dashboard_menu_label"/>
        <key name="realhomes_dashboard_dashboard_page_label"/>
        <key name="realhomes_dashboard_bookings_menu_label"/>
        <key name="realhomes_dashboard_bookings_page_label"/>
        <key name="realhomes_dashboard_profile_menu_label"/>
        <key name="realhomes_dashboard_profile_page_label"/>
        <key name="realhomes_dashboard_saved-searches_menu_label"/>
        <key name="realhomes_dashboard_saved-searches_page_label"/>
        <key name="realhomes_dashboard_membership_menu_label"/>
        <key name="realhomes_dashboard_membership_page_label"/>
        <key name="realhomes_dashboard_logout_menu_label"/>
        <key name="inspiry_membership_section"/>
        <key name="inspiry_disable_submit_property"/>
        <key name="inspiry_package_btn_text"/>
        <key name="inspiry_checkout_badges_display"/>
        <key name="inspiry_order_dialog_heading"/>
        <key name="inspiry_mortgage_calculator_title"/>
        <key name="inspiry_mc_term_field_label"/>
        <key name="inspiry_mc_interest_field_label"/>
        <key name="inspiry_mc_price_field_label"/>
        <key name="inspiry_mc_downpayment_field_label"/>
        <key name="inspiry_mc_principle_field_label"/>
        <key name="inspiry_mc_cost_prefix"/>
        <key name="inspiry_mc_first_field_title"/>
        <key name="inspiry_mc_first_field_desc"/>
        <key name="inspiry_mc_second_field_title"/>
        <key name="inspiry_mc_second_field_desc"/>
        <key name="realhomes_save_search_btn_label"/>
        <key name="realhomes_search_saved_btn_label"/>
        <key name="realhomes_save_search_btn_tooltip"/>
        <key name="realhomes_saved_searches_label"/>
        <key name="realhomes_saved_search_email_subject"/>
        <key name="realhomes_saved_search_email_header"/>
        <key name="realhomes_saved_search_email_footer"/>
        <key name="realhomes_schedule_a_tour_title"/>
        <key name="realhomes_sat_date_placeholder"/>
        <key name="realhomes_sat_type_in_person_label"/>
        <key name="realhomes_sat_type_video_chat_label"/>
        <key name="realhomes_sat_name_placeholder"/>
        <key name="realhomes_sat_phone_placeholder"/>
        <key name="realhomes_sat_email_placeholder"/>
        <key name="realhomes_sat_message_placeholder"/>
        <key name="realhomes_sat_button_text"/>
        <key name="realhomes_footer_need_help"/>
    </admin-texts>
</wpml-config>